{
  "R": [
    [
      1.0,
      2.321911412826009e-16
    ],
    [
      -2.5788501197332357e-16,
      1.0000000000000002
    ]
  ],
  "t": [
    0.5333333333333333,
    0.22666666666666668
  ]
}