{
  "reference_tag_id": 4,
  "tag_size_m": 0.04,
  "pixel_xy": [
    187.86115407251276,
    478.83102938559875
  ],
  "target_xy_m_in_tag_plane": [
    0.0708362642203108,
    -0.38086466401335034
  ],
  "target_yaw_rad_in_plane": 2.678556379027154,
  "target_xyz_m_in_camera": [
    -0.33940759833965056,
    0.08684654239338907,
    0.4820294566038153
  ],
  "pregrasp_xyz_m_in_camera": [
    -0.3404142674773221,
    0.13131960487937716,
    0.5485210600613336
  ],
  "table_normal_in_camera": [
    -0.012583364220894235,
    0.5559132810748513,
    0.8311450432189785
  ],
  "detected_tag_ids": [
    0,
    2,
    3,
    4
  ],
  "plane_fit": {
    "enabled": true,
    "mode": "multi_tag_ls",
    "num_tags": 4,
    "use_tag_corners": true,
    "weight_by_decision_margin": true,
    "n": [
      -0.012583364220894235,
      0.5559132810748513,
      0.8311450432189785
    ],
    "d": -0.45318642930296066
  },
  "fastsam": {
    "device": "cpu",
    "imgsz": 640,
    "conf": 0.25,
    "iou": 0.9
  },
  "camera_params": {
    "fx": 645.6649169921875,
    "fy": 644.830322265625,
    "cx": 642.4880981445312,
    "cy": 362.65289306640625,
    "width": 1280,
    "height": 720
  },
  "xy_method": "multi_tag_ls_plane_ray_intersection"
}