{
  "device": "Intel RealSense D455F",
  "streams": {
    "color": {
      "width": 1280,
      "height": 720,
      "fx": 645.6649169921875,
      "fy": 644.830322265625,
      "cx": 642.4880981445312,
      "cy": 362.65289306640625,
      "distortion_model": "distortion.inverse_brown_conrady",
      "distortion_coeffs": [
        -0.0548342689871788,
        0.06200703606009483,
        -0.0005282682832330465,
        0.0004060852515976876,
        -0.020286686718463898
      ]
    },
    "depth": {
      "width": 1280,
      "height": 720,
      "fx": 660.0777587890625,
      "fy": 660.0777587890625,
      "cx": 639.0614624023438,
      "cy": 358.29656982421875,
      "distortion_model": "distortion.brown_conrady",
      "distortion_coeffs": [
        0.0,
        0.0,
        0.0,
        0.0,
        0.0
      ]
    }
  },
  "extrinsics_depth_to_color": {
    "rotation_3x3": [
      0.9999974966049194,
      0.0011779454071074724,
      -0.0019038207828998566,
      -0.001184028689749539,
      0.999994158744812,
      -0.0031973470468074083,
      0.001900043454952538,
      0.003199593396857381,
      0.999993085861206
    ],
    "translation_3": [
      -0.059160225093364716,
      -5.6330495681322645e-06,
      0.0001835659786593169
    ]
  },
  "note": "Intrinsics depend on resolution/FPS. Ensure these match the settings used in your pipeline."
}