{
  "reference_tag_id": 4,
  "tag_size_m": 0.04,
  "pixel_xy": [
    872.2095150960658,
    364.0045745654163
  ],
  "target_xy_m_in_tag_plane": [
    0.15855920275337287,
    -0.06829417993222481
  ],
  "target_yaw_rad_in_plane": 2.2805960398961385,
  "detected_tag_ids": [
    0,
    2,
    3,
    4
  ],
  "fastsam": {
    "device": "mps",
    "imgsz": 640,
    "conf": 0.25,
    "iou": 0.9
  }
}