{
  "note": "Fitted with 6 points after swapping the last two correspondences: (0,10)<->(20,10)",
  "R": [
    [
      -0.07355268075163158,
      -0.9972913270072707
    ],
    [
      0.9972913270072708,
      -0.0735526807516314
    ]
  ],
  "t": [
    0.4324537366203262,
    -0.03777945435117789
  ],
  "yaw_rad": 1.6444154838412948,
  "rmse_m": 0.011509421980354644,
  "max_err_m": 0.017721441629464853,
  "src_tag_xy_cm_order_used": [
    [10, 10],
    [0, 20],
    [20, 20],
    [10, 20],
    [0, 10],
    [20, 10]
  ],
  "sample_index_order_used": [0, 1, 2, 3, 5, 4]
}
