{
  "R": [
    [
      -0.04179915293167464,
      -0.9991260334983743
    ],
    [
      0.999126033498374,
      -0.04179915293167497
    ]
  ],
  "t": [
    0.4261231317011387,
    -0.04639515663633467
  ],
  "yaw_rad": 1.612607661004909,
  "rmse_m": 0.008344017720224405,
  "max_err_m": 0.011655144346745508,
  "n": 4,
  "src_tag_xy_m": [
    [
      0.1,
      0.1
    ],
    [
      0.0,
      0.2
    ],
    [
      0.2,
      0.2
    ],
    [
      0.1,
      0.2
    ]
  ],
  "dst_base_xy_m": [
    [
      0.32825333230381915,
      0.0528133579848349
    ],
    [
      0.22688187826762965,
      -0.0486935721526982
    ],
    [
      0.22224294446830414,
      0.13905099660746198
    ],
    [
      0.21100648714327008,
      0.041639597362239766
    ]
  ],
  "per_point_err_m": [
    0.0071276647730588675,
    0.006089478965194224,
    0.007400187695832754,
    0.011655144346745508
  ]
}