{
  "R": [
    [
      0.9999999999999998,
      1.9967346175427402e-16
    ],
    [
      -2.9040269150165033e-16,
      1.0
    ]
  ],
  "t": [
    0.53,
    0.23
  ]
}