{
  "reference_tag_id": 5,
  "tag_size_m": 0.04,
  "pixel_xy": [
    1187.8071356927926,
    447.37462387161486
  ],
  "target_xy_m_in_tag_plane": [
    0.23667106691939147,
    -0.15198190793252891
  ],
  "target_yaw_rad_in_plane": 1.8179418154482976,
  "detected_tag_ids": [
    0,
    1,
    2,
    5
  ],
  "fastsam": {
    "device": "cpu",
    "imgsz": 640,
    "conf": 0.25,
    "iou": 0.9
  }
}